id,amount,currency,user_id,status,detailed_status,error_code,reason,type,total_intents,location_of_request_state_code,has_dispute_chargeback,created_at,updated_at
2fb04440dafbcc81f84974213a11fdb27db155cd813aa3c524bc7981f12a64aa,500,USD,d32ed720ae2e41038fb7ef153068a80bd621d175e8412c31e71452c805fcc933,SUCCESSFUL,SUCCESSFUL,,,CASH,,,False,2026-09-04 00:09:16.490483+00:00,2026-09-04 00:09:16.639127+00:00
2025e2ecfbf130661d86e076463868a28632df6347e5d6a54d888b3eb10f6f0a,33.15,USD,0c619c72cd9a16be0dc127b97bf38a950109f25ffd20eb8028fd6749cf12d927,SUCCESSFUL,SUCCESSFUL,,,CARD,,,False,2026-09-04 00:03:18.802531+00:00,2026-09-04 00:03:20.261412+00:00
3839ce600237d901f32fb0d36b8c0de0a3f2df168f05f4536b3de61964380308,33.99,USD,341df92b3b42eacfddb500c4c24d2773884a4da3d5de54158518956040995a40,SUCCESSFUL,SUCCESSFUL,,,CARD,,,False,2026-09-04 00:09:09.157026+00:00,2026-09-04 00:09:10.694151+00:00
0f1242ba47ca28f73c9ea9a450a1f93e292600dd6879ff9c39f0b82f25d25afe,1006.49,USD,b755435fc1020b5b3dedc3349121da4f7b76616a8707c6303c50f33d062d308e,SUCCESSFUL,SUCCESSFUL,,,CARD,,,False,2026-09-04 00:09:41.601926+00:00,2026-09-04 00:09:42.767253+00:00
bfa0c14813729438af966072577e76b9b49438db76b4e437adfa5bd37b4e40cf,602.99,USD,9927dc75b1452551b772fc854a7b5bd05c12a3b165f1bf2efa83cb0e201a0fd6,SUCCESSFUL,SUCCESSFUL,,,CARD,,,False,2026-09-04 00:10:25.335090+00:00,2026-09-04 00:10:26.518825+00:00
2ec7df0bd7e9bf6ed3de63fcb40bda370c1caa3d7adf73db0c350e9a51aeae09,781.37,USD,271abb93bdcde05ce7f631e717dea2ee73fb7a570cccb9953e1a56cadddca9ef,SUCCESSFUL,SUCCESSFUL,,,CARD,,,False,2026-09-04 00:09:45.377428+00:00,2026-09-04 00:09:46.422636+00:00
9232599b2a63cdf5082afa8ca56b59b55bd0039d77641a9bce2c28c46e72241c,1000,USD,a2113b8907388b9d25b6ca7ab82d7580eda6e268c242f9e6296918c61221f3bd,SUCCESSFUL,SUCCESSFUL,,,CARD,,,False,2026-09-04 00:02:07.399993+00:00,2026-09-04 00:02:08.504253+00:00
6a8c4f98cfa4ce4dd7fc7144eae324ea79d619d9a92b1179307058aac0351463,502.99,USD,30f76a24053500e2e0124737bc1c234b31fe666cc450c43c8d4f83374449454d,SUCCESSFUL,SUCCESSFUL,,,CARD,,,False,2026-09-04 00:02:01.658732+00:00,2026-09-04 00:02:02.663557+00:00
1822c8cc64bfabe2483bd52d0c415ae8871eb22a065930cee88de17c2d57f86f,121.49,USD,6bef3bb8d98e6bc44b764e57c8fc4bad3fcb1011e020c0ffd2cd363faad1aaea,SUCCESSFUL,SUCCESSFUL,,,CARD,,,False,2026-09-04 00:10:15.222296+00:00,2026-09-04 00:10:16.224813+00:00
