id,destination_country_code,destination_currency,amount_charged,fee,exchange_rate,promotion_amount,destination_amount,user_id,payment_id,disbursement_id,beneficiary_id,created_at
2b316e7f7fa1d51c221fa391f18ae048e1fb3663c580825347e98d91f17841b0,DO,DOP,110,2.99,56.48,0,6212.8,e5326363cdc604491046842822b055352da7b3c9f6998f4216bfb2d27cd02a56,5a3ce5927186ebceb31bd4a22e1cf2ec1614579ee5b908ea277293e344847a74,57167c66d1186503dfee7bfd1ca564678a6c2ea5609c14c2136bafebb66fc3ed,27f0acf4c185c5cf096bf4380f974bb40e61420fdcca00c88bd840aa28ad27ad,2026-03-19 00:09:25.965164+00:00
e6dde0e978ece86e41ce293d078642e99ad787fbd051ef91e693e6cb27e2b238,EC,USD,110,5.2,1,0,110,312f6f3d18d0dc72448ed2f41847c59317798574c0d3e4ea7383c05fda7aa545,76172544abe0c5114a02f1535a1d36bca0de4b656efa70824c5ae0c0f307ed24,d3ded22893d381b1f1123cc2b52866c66e129475469bce9a6e9b89bbbd39cf2d,e9fcd957f717f8fe9494fde35cd3e147a71cf243959f342107bdcced3d841866,2026-05-01 23:41:59.858993+00:00
9aa65e165ad02f0f9bc5e55aa565c7f3a087387de97f259aecde90ca9d3028cc,DO,DOP,369,0,59.22,0,21852.18,1b380e30891b2ce0a2ac4389470895d8199b6b2a1b89897328468d0814aea9f6,b266b23fc2939d63252406df289f2c1a268e8a2ee5567866327bd175914857c0,93e6e9620124ebc639f75616b0de8c467b55931b523cfca7ca27162f99ec3823,3c92acad6fd024a548ed25479c32a3399d662bf94d5f935dcd76c7a332f2b252,2026-05-01 23:17:07.302468+00:00
ff32634efc4dc9f02e26de26e45d454c173bfa3fc8b0737e50b3140bc6f2b12a,DO,DOP,36,2.99,56.58,0,2036.88,027f7c21e7da0a9be724f194291f3afe2fb1e0d5989ea4aecb167f4457ac7daa,7e8b9bd6ea5465d83ad8839567ded2bb0036cb91cd6772881863601094416597,fd8d5d5aa25c1725b1008379bf990981bc2f0daa929358060e66845d0ff58ad3,2b78bcb7a5e30ac9128be77d92ac00198c63cc68c6b8b67bda83b077bfc5db4e,2026-08-22 23:55:39.136522+00:00
86a64b95c104aac5ff195d15519e44b22f05f777989e0c12f136543f3851f09b,PE,PEN,50,0,3.37,0,168.32,f7be68dc5cc872b662b90686458e03dc93f75fd9000da1d1747df3b591be92d6,9eeb629e2bba47120650ab44b279395fa202c8d0caacb476ce66516844c3d97d,8382dd0a1660b8c9020ea9499da734afe7dbbdfef5d1d4da647a10d8ffa00d46,8e3dbfffe476a2227a5668aeb2be4e336c0686dc119dd0bbb9e35f9b81ae75a1,2026-08-22 23:36:41.958160+00:00
0cb04c1e087e0d093f829f6cce8742c512ead1adaf1a2c8975bbb56ed92ed924,DO,DOP,10,2.99,57.04,0,570.4,a4300066646a0c1a847cf0d2788210c4bbf45fadc1515dba8e6809aa5a89d269,ba85f5f8c1defd94a6df4c10fa9761b5b022df3e9d0a9cba7bf0aed5b1fb776a,707a0fe0f3efb82ef1af5a7b45b6dd48960d79074cc3815c4c877f8ae9eabb93,5f7983ebe8458d4e3c8afadcea3bca3ddde78ced8534b80929d4071ebcaecb1d,2026-08-22 23:56:59.934721+00:00
edd556ac4b2d28504ee3769929856df59f25b939168480a99f248a79a236c116,EC,USD,22,4.23,1,0,22,28000ec072d48c3e8b001e1ed5b90ce5e1a93ab10c6c5d082396c92454311855,3ab2fe11dae1497e2e78197c194903724ef6fc65dd9159998931c77f858130b8,faf64c425b3b91b07cb66ca64310f038e021f05ff63d20dc81190ef41ab75c41,47f72c3cf467f84a32ad1ea42e7948cd280c55559805b4ee046f2e5da8a724e1,2026-08-22 23:37:01.830065+00:00
6779cfb4bfdf9404ee2adf46712a368df94567445b3381f3ded019d1556f354b,DO,DOP,95,2.99,61.52,0,5844.4,3cc467947fc6fef1e1045bcada92d13a81b74c37c3f4e60d38b336e9334a3f88,07f7284423dce3573990061b51856fdc6c35567c61943e5d82c0fb0b48b72ef7,41099d3d28504c7594f6a2d100f8bdea7d794bfd3ea6cd0cad80420b89a936aa,a8736faf421b1c51b281eb5c4f43d6fbfaef2c4756965b2ecbb61b9e9b9209e3,2026-02-05 23:15:53.420123+00:00
4a7b78e2a5cbff8aed810684edefc5f3110bb356c8e97efcaa44798b754e6aa2,DO,DOP,35,2.99,61.52,0,2153.2,bc3cbb3f19fffee7d2f1826ebec9ed0b06ce213f5d4de22b68d23e44b13af5b5,91f188c7abe2cc1dd2011b02200d728056278c4c19d204b15ea8ff9d8b0d648c,dbca6f311126ec629d2aec1f2de09d4be7db8d57d6be5d8b4674e863a95761a8,768a0d41e13ab6239283765e45500a961c9277f5b3f4435f3dc283e59f7bc7a2,2026-02-05 23:19:26.892208+00:00
