id,user_id,type,status,raw_status,provider_status,amount,disbursement_provider,payer_destination_name,destination_country,destination_currency,created_at,updated_at
13ab907afef10edb9d21675b475babc57f6c6cf06bb8d7efca197bf88f83f59b,e644403f0d9339e4efe08eda360f201407d537c7fae3b2eac7ba8870fb26211e,BANK,CANCELLED,CANCELLED,,8302.84,PROVIDER 12,DESTINATION_17,MX,MXN,2026-07-24 23:21:34.155448+00:00,2026-07-25 00:49:29.651059+00:00
a304493f8a6dd47e72b50e6dd6910f44c3fd1a6905cfa7acc1e2e93e5ec05756,d6d013702c6f298dd9b73d4255ef422fb09d787ad6e374ffb0b8a5cb303bbb89,BANK,COMPLETED,COMPLETED,,2678,PROVIDER 5,DESTINATION_51,HN,HNL,2026-07-24 23:39:49.661144+00:00,2026-07-24 23:48:09.099063+00:00
7bed657f450a6dcbd8b21bc9247a41238214abc5451a46a9a0892efbee79b413,8309fc700cf6bedde6c823cfcc3b898e1cbdf5fe5cb40fb85ae7050b9f707928,BANK,COMPLETED,COMPLETED,,75,PROVIDER 5,DESTINATION_35,SV,USD,2026-07-24 23:37:52.057580+00:00,2026-07-24 23:44:08.469071+00:00
5a02cbf0d05c64e5a276e512da5c63779fa6ce8d2bbfa54a734efc236c9d942e,49ab001a5da0504ad87846d0289b13a842122937d3b7245649a2caa92c31147a,BANK,COMPLETED,COMPLETED,,100,PROVIDER 5,DESTINATION_63,SV,USD,2026-07-24 23:36:57.315608+00:00,2026-07-24 23:40:18.621176+00:00
c83e530bca666c468c93acfe7d497b2a97548f4b79949ced000c11241000780f,aaceec7f3d7acd85fc9c7e0d583daf2d891e2a682157e14a62a9e3044d016743,BANK,COMPLETED,COMPLETED,,6507.54,PROVIDER 5,DESTINATION_51,HN,HNL,2026-07-24 23:48:43.370083+00:00,2026-07-25 00:06:09.667560+00:00
006695597e9063d540c02d560bfa7355731ce64ef2f3ea6b90f5edf9078f8096,b9a243142d6aa967b7c39d1eb9b03049970746680839e240f83864ce7a67d849,BANK,COMPLETED,COMPLETED,,3347.5,PROVIDER 5,DESTINATION_51,HN,HNL,2026-07-24 23:37:54.704478+00:00,2026-07-24 23:59:10.287918+00:00
3ba7257da656aca5cdbf8adf071176e6bfdd00c2e8b75ddbac8bd0c7f84660cb,a72fa40d7d35d82bacbbfd19d978c7c2a5219fa98cb9681a7572ec0fbbccecec,BANK,COMPLETED,COMPLETED,,200,PROVIDER 5,DESTINATION_27,SV,USD,2026-07-24 23:52:18.297913+00:00,2026-07-24 23:56:10.905686+00:00
de29817c3ef25638d5aba07c9b82a8e6984994962fb24c84c5d3083ee22def02,13e7780f3f141a980a571488fef8b5259b984f26297f47fd06670e192b79150b,BANK,COMPLETED,COMPLETED,,2410.2,PROVIDER 5,DESTINATION_54,HN,HNL,2026-07-24 23:46:17.034991+00:00,2026-07-25 00:05:14.217687+00:00
50315a958e11752eca48b6b6aaa66d20b8a00e9d962fbbd9d2ec12aa17a57741,82694eee1ad05a9d40f5f1303bc41f62aa31c768ca9200f71d981517a0c18a5c,CASH,PAID,PAID,,13390.01,PROVIDER 8,DESTINATION_38,HN,HNL,2026-07-24 23:26:19.234309+00:00,2026-07-25 17:24:59.798728+00:00
